City_ID,City,Country,Date,Lat,Lng,Max Temp,Humidity,Cloudiness,Wind Speed
0,Mataura,NZ,2022-04-15 08:29:51,-46.1927,168.8643,51.89,77,13,3.2
1,Upata,VE,2022-04-15 08:29:52,8.0086,-62.3989,70.66,88,100,4.56
2,Airai,TL,2022-04-15 08:29:52,-8.9266,125.4092,66.47,89,96,2.15
3,Hermanus,ZA,2022-04-15 08:29:52,-34.4187,19.2345,60.8,63,98,19.86
4,New Norfolk,AU,2022-04-15 08:29:53,-42.7826,147.0587,60.66,57,100,1.01
5,Axim,GH,2022-04-15 08:29:53,4.8699,-2.2405,78.98,83,100,5.97
6,Nome,US,2022-04-15 08:29:54,64.5011,-165.4064,39.27,60,75,18.41
7,Bluff,NZ,2022-04-15 08:29:54,-46.6,168.3333,58.15,77,96,10.4
8,Talnakh,RU,2022-04-15 08:29:54,69.4865,88.3972,36.21,90,100,20.24
9,Canon City,US,2022-04-15 08:29:55,38.441,-105.2424,48.18,28,0,8.05
10,Busselton,AU,2022-04-15 08:29:55,-33.65,115.3333,72.03,57,0,7.54
11,Aripuana,BR,2022-04-15 08:29:56,-9.1667,-60.6333,71.74,99,100,2.44
12,Tuktoyaktuk,CA,2022-04-15 08:29:56,69.4541,-133.0374,-11.6,100,98,3.87
13,Vaini,TO,2022-04-15 08:29:56,-21.2,-175.2,78.96,89,40,8.05
14,Albany,US,2022-04-15 08:26:12,42.6001,-73.9662,43.23,86,47,2.8
15,Severo-Kurilsk,RU,2022-04-15 08:29:57,50.6789,156.125,29.88,78,25,9.37
16,Yellowknife,CA,2022-04-15 08:29:57,62.456,-114.3525,10.29,78,20,4.61
17,Saskylakh,RU,2022-04-15 08:29:58,71.9167,114.0833,-0.04,92,79,4.76
18,Ushuaia,AR,2022-04-15 08:29:58,-54.8,-68.3,40.66,75,0,3.44
19,Port Antonio,JM,2022-04-15 08:28:56,18.18,-76.4612,75.0,84,14,9.33
20,Redlands,US,2022-04-15 08:29:58,34.0556,-117.1825,56.5,61,0,0.0
21,Saint-Augustin,CA,2022-04-15 08:29:59,51.226,-58.6502,30.97,98,100,0.58
22,Marawi,PH,2022-04-15 08:29:59,7.9986,124.2928,78.06,70,67,4.32
23,Ilulissat,GL,2022-04-15 08:29:59,69.2167,-51.1,-16.22,94,14,4.74
24,Luderitz,NA,2022-04-15 08:30:00,-26.6481,15.1594,64.74,53,81,24.83
25,Victoria,HK,2022-04-15 08:25:36,22.2855,114.1577,83.17,70,7,11.99
26,Carnarvon,AU,2022-04-15 08:30:00,-24.8667,113.6333,82.47,69,71,12.66
27,Cacak,RS,2022-04-15 08:30:01,43.8914,20.3497,56.8,39,18,0.6
28,Caluquembe,AO,2022-04-15 08:30:02,-13.7833,14.6833,67.75,79,98,3.83
29,Lagoa,PT,2022-04-15 08:30:02,39.05,-27.9833,58.5,83,82,19.44
30,Aasiaat,GL,2022-04-15 08:30:03,68.7098,-52.8699,-10.14,100,95,2.89
31,Longyearbyen,SJ,2022-04-15 08:30:04,78.2186,15.6401,24.64,68,75,3.44
32,Puerto Ayora,EC,2022-04-15 08:30:04,-0.7393,-90.3518,75.2,92,64,8.01
33,Mae Hong Son,TH,2022-04-15 08:30:05,19.3003,97.9685,100.54,37,20,4.61
34,Keetmanshoop,NA,2022-04-15 08:30:06,-26.5833,18.1333,59.92,55,0,5.75
35,Grindavik,IS,2022-04-15 08:29:12,63.8424,-22.4338,46.87,87,75,21.85
36,Andenes,NO,2022-04-15 08:30:06,69.3143,16.1194,39.18,75,100,8.05
37,Punta Arenas,CL,2022-04-15 08:30:07,-53.15,-70.9167,46.51,93,100,4.61
38,East London,ZA,2022-04-15 08:30:07,-33.0153,27.9116,63.54,72,20,24.16
39,Bredasdorp,ZA,2022-04-15 08:30:08,-34.5322,20.0403,59.61,51,99,15.39
40,Bathsheba,BB,2022-04-15 08:30:08,13.2167,-59.5167,77.61,83,40,17.27
41,Esperance,AU,2022-04-15 08:30:08,-33.8667,121.9,69.64,66,0,13.04
42,Port Lincoln,AU,2022-04-15 08:30:09,-34.7333,135.8667,67.23,74,25,8.5
43,Ambulu,ID,2022-04-15 08:30:09,-8.345,113.6058,83.84,79,35,4.59
44,Chokurdakh,RU,2022-04-15 08:31:10,70.6333,147.9167,11.19,95,100,7.49
45,Dingle,PH,2022-04-15 08:31:10,10.9995,122.6711,82.18,79,100,1.36
46,Kununurra,AU,2022-04-15 08:31:10,-15.7667,128.7333,80.58,69,100,10.36
47,Springville,US,2022-04-15 08:31:11,40.1652,-111.6107,47.64,59,75,1.01
48,Urumqi,CN,2022-04-15 08:31:11,43.801,87.6005,50.95,11,0,15.66
49,Gamba,GA,2022-04-15 08:31:12,-2.65,10.0,81.57,78,100,3.33
50,Kungurtug,RU,2022-04-15 08:31:12,50.5994,97.5228,37.63,64,57,1.52
51,Vestmanna,FO,2022-04-15 08:31:13,62.1564,-7.1664,47.32,93,100,14.97
52,Port Alfred,ZA,2022-04-15 08:31:13,-33.5906,26.891,63.18,77,100,8.01
53,Dabou,CI,2022-04-15 08:31:14,5.3256,-4.3769,80.44,82,100,7.81
54,Arraial Do Cabo,BR,2022-04-15 08:31:14,-22.9661,-42.0278,75.27,71,100,24.83
55,Saldanha,ZA,2022-04-15 08:31:14,-33.0117,17.9442,66.25,58,0,28.1
56,Kaeo,NZ,2022-04-15 08:31:15,-35.1,173.7833,57.33,88,12,4.9
57,Butaritari,KI,2022-04-15 08:31:15,3.0707,172.7902,81.75,70,100,4.18
58,Oranjemund,NA,2022-04-15 08:31:16,-28.55,16.4333,62.15,61,3,22.46
59,Zastron,ZA,2022-04-15 08:31:16,-30.3023,27.084,67.46,40,48,15.73
60,Waingapu,ID,2022-04-15 08:31:16,-9.6567,120.2641,84.7,75,30,5.39
61,Cidreira,BR,2022-04-15 08:31:17,-30.1811,-50.2056,58.96,74,36,11.74
62,Dikson,RU,2022-04-15 08:31:17,73.5069,80.5464,26.76,94,100,20.11
63,Zalantun,CN,2022-04-15 08:31:18,48.0,122.7167,54.41,27,85,16.08
64,Torbay,CA,2022-04-15 08:31:18,47.6666,-52.7314,27.39,87,87,4.0
65,Avarua,CK,2022-04-15 08:31:19,-21.2078,-159.775,75.25,100,74,1.14
66,Ponta Do Sol,PT,2022-04-15 08:31:19,32.6667,-17.1,66.7,78,18,3.78
67,Kendari,ID,2022-04-15 08:31:19,-3.945,122.4989,83.86,72,61,4.97
68,Nanortalik,GL,2022-04-15 08:31:20,60.1432,-45.2371,25.75,80,100,17.94
69,Rikitea,PF,2022-04-15 08:31:20,-23.1203,-134.9692,77.25,72,4,16.53
70,Siderno,IT,2022-04-15 08:31:21,38.2779,16.302,71.33,60,99,6.51
71,Khatanga,RU,2022-04-15 08:31:21,71.9667,102.5,13.26,83,94,11.81
72,Gimli,CA,2022-04-15 08:31:21,50.6336,-96.9907,15.82,79,100,16.11
73,Tiksi,RU,2022-04-15 08:31:22,71.6872,128.8694,3.9,97,100,8.23
74,Prince Rupert,CA,2022-04-15 08:30:16,54.3161,-130.3201,40.69,69,0,9.22
75,Port Blair,IN,2022-04-15 08:31:22,11.6667,92.75,91.44,52,40,8.05
76,Saint George,US,2022-04-15 08:27:48,37.1041,-113.5841,55.8,28,0,3.44
77,Atuona,PF,2022-04-15 08:31:23,-9.8,-139.0333,78.66,78,20,14.72
78,Norman Wells,CA,2022-04-15 08:31:23,65.282,-126.8329,1.44,60,40,10.36
79,Gushikawa,JP,2022-04-15 08:31:23,26.3544,127.8686,71.6,96,100,13.8
80,Barrow,US,2022-04-15 08:31:24,71.2906,-156.7887,-0.38,78,0,19.57
81,Caravelas,BR,2022-04-15 08:31:24,-17.7125,-39.2481,74.75,95,92,4.79
82,Tasiilaq,GL,2022-04-15 08:31:25,65.6145,-37.6368,32.16,100,100,7.45
83,Nikolskoye,RU,2022-04-15 08:31:25,59.7035,30.7861,39.09,91,99,6.35
84,Mahebourg,MU,2022-04-15 08:31:25,-20.4081,57.7,83.25,65,40,14.97
85,Souillac,MU,2022-04-15 08:31:26,-20.5167,57.5167,82.78,65,40,14.97
86,Namatanai,PG,2022-04-15 08:31:26,-3.6667,152.4333,81.36,78,44,6.55
87,Qaanaaq,GL,2022-04-15 08:31:27,77.484,-69.3632,-6.9,92,100,2.26
88,Marsala,IT,2022-04-15 08:31:27,37.7966,12.4352,68.94,58,40,2.3
89,Waitati,NZ,2022-04-15 08:31:28,-45.75,170.5667,56.8,82,5,6.08
90,Naberera,TZ,2022-04-15 08:31:28,-4.2,36.9333,75.15,56,100,8.12
91,Bouna,CI,2022-04-15 08:31:28,9.2667,-3.0,82.63,60,99,6.76
92,Cairns,AU,2022-04-15 08:27:57,-16.9167,145.7667,78.06,89,100,9.22
93,Diebougou,BF,2022-04-15 08:32:29,10.9667,-3.25,89.67,44,100,9.8
94,Luang Prabang,LA,2022-04-15 08:32:29,19.8856,102.1347,94.96,46,20,4.61
95,Mango,US,2022-04-15 08:32:30,27.9797,-82.3065,72.21,93,0,0.0
96,Henties Bay,NA,2022-04-15 08:32:30,-22.116,14.2845,62.8,79,17,6.62
97,Cabo San Lucas,MX,2022-04-15 08:32:12,22.8909,-109.9124,71.51,55,99,10.78
98,Kruisfontein,ZA,2022-04-15 08:32:30,-34.0033,24.7314,59.88,71,90,20.04
99,Lesnoy,RU,2022-04-15 08:32:31,57.6198,63.0784,55.98,89,100,8.77
100,Makat,KZ,2022-04-15 08:32:31,47.6469,53.3463,62.37,31,5,13.0
101,Mar Del Plata,AR,2022-04-15 08:32:32,-38.0023,-57.5575,51.87,84,0,5.99
102,Lazurne,UA,2022-04-15 08:32:32,46.084,32.5295,53.24,71,23,7.23
103,Jamestown,US,2022-04-15 08:32:32,42.097,-79.2353,44.24,56,75,13.8
104,Cape Town,ZA,2022-04-15 08:29:05,-33.9258,18.4232,66.11,56,20,18.41
105,Horodyshche,UA,2022-04-15 08:32:33,49.2849,31.4451,58.46,44,91,6.53
106,Ancud,CL,2022-04-15 08:31:51,-41.8697,-73.8203,48.22,93,31,2.37
107,San Lazaro,BZ,2022-04-15 08:32:33,18.0387,-88.6622,73.36,95,66,4.36
108,Betare Oya,CM,2022-04-15 08:32:34,5.6,14.0833,84.54,52,98,4.27
109,Ribeira Grande,PT,2022-04-15 08:32:34,38.5167,-28.7,59.4,82,40,14.97
110,Puerto Del Rosario,ES,2022-04-15 08:32:34,28.5004,-13.8627,65.95,72,20,14.97
111,Vila Franca Do Campo,PT,2022-04-15 08:32:35,37.7167,-25.4333,63.01,84,67,11.39
112,Port Elizabeth,ZA,2022-04-15 08:28:44,-33.918,25.5701,62.1,94,100,14.97
113,Klaksvik,FO,2022-04-15 08:32:35,62.2266,-6.589,49.12,99,100,15.82
114,Iqaluit,CA,2022-04-15 08:29:49,63.7506,-68.5145,-4.27,71,0,16.11
115,Hobart,AU,2022-04-15 08:30:03,-42.8794,147.3294,61.02,76,75,16.11
116,Hithadhoo,MV,2022-04-15 08:32:36,-0.6,73.0833,83.53,66,28,2.33
117,Banda Aceh,ID,2022-04-15 08:32:36,5.5577,95.3222,85.93,67,91,7.34
118,Prado,BR,2022-04-15 08:32:37,-17.3411,-39.2208,76.51,90,89,7.81
119,Almenara,BR,2022-04-15 08:32:37,-16.1836,-40.6944,73.74,85,90,0.78
120,Bereda,ES,2022-04-15 08:32:38,43.2686,-7.5406,53.42,100,4,2.33
121,Roebourne,AU,2022-04-15 08:31:04,-20.7833,117.1333,89.67,56,28,10.65
122,Dalvik,IS,2022-04-15 08:32:38,65.9702,-18.5286,48.13,78,67,11.07
123,Hofn,IS,2022-04-15 08:32:38,64.2539,-15.2082,45.34,91,68,15.66
124,Rawson,AR,2022-04-15 08:32:39,-43.3002,-65.1023,62.06,38,0,25.1
125,Lebu,CL,2022-04-15 08:32:39,-37.6167,-73.65,52.03,89,89,8.3
126,Nha Trang,VN,2022-04-15 08:30:09,12.25,109.1833,84.2,81,50,3.83
127,Saryozek,KZ,2022-04-15 08:32:40,44.3583,77.9753,73.72,16,1,7.58
128,Paracuru,BR,2022-04-15 08:32:40,-3.41,-39.0306,78.12,92,87,4.59
129,Palana,RU,2022-04-15 08:32:40,59.1167,159.9667,21.96,96,100,8.12
130,Lormi,IN,2022-04-15 08:32:41,22.2833,81.7333,109.63,6,98,11.39
131,Kapaa,US,2022-04-15 08:32:41,22.0752,-159.319,74.12,80,0,19.57
132,Sile,TR,2022-04-15 08:32:41,41.1754,29.6133,65.07,57,0,5.01
133,Naze,JP,2022-04-15 08:32:42,28.3667,129.4833,68.92,85,81,19.17
134,Kaseda,JP,2022-04-15 08:32:42,31.4167,130.3167,65.17,75,9,17.4
135,Szczytno,PL,2022-04-15 08:31:15,53.5626,20.9875,49.93,93,100,6.91
136,Santa Marinella,IT,2022-04-15 08:33:43,42.0345,11.8536,68.29,61,100,1.59
137,Margate,GB,2022-04-15 08:30:41,51.3813,1.3862,59.88,83,100,4.0
138,Chernyshevskiy,RU,2022-04-15 08:33:43,63.0128,112.4714,22.1,79,100,10.31
139,Portland,US,2022-04-15 08:29:44,45.5234,-122.6762,38.1,94,75,4.61
140,Turukhansk,RU,2022-04-15 08:33:44,65.8167,87.9833,34.09,100,100,12.86
141,Sayat,TM,2022-04-15 08:33:44,38.7839,63.8803,89.47,12,9,3.09
142,Raudeberg,NO,2022-04-15 08:33:44,61.9875,5.1352,50.67,61,83,8.34
143,Bengkulu,ID,2022-04-15 08:33:45,-3.8004,102.2655,83.01,75,56,5.1
144,Mehamn,NO,2022-04-15 08:33:45,71.0357,27.8492,33.64,92,88,9.98
145,Virginia Beach,US,2022-04-15 08:31:15,36.8529,-75.978,59.02,61,100,3.0
146,Garowe,SO,2022-04-15 08:33:46,8.4054,48.4845,92.73,27,100,6.76
147,Khandyga,RU,2022-04-15 08:33:46,62.6667,135.6,25.43,89,18,2.86
148,Hegang,CN,2022-04-15 08:33:46,47.4,130.3667,52.38,24,100,8.99
149,Leningradskiy,RU,2022-04-15 08:33:47,69.3833,178.4167,17.96,95,100,10.6
150,Huangmei,CN,2022-04-15 08:33:47,30.1924,116.025,57.06,66,100,10.38
151,Port Said,EG,2022-04-15 08:33:47,31.2565,32.2841,64.38,68,0,11.5
152,Sakakah,SA,2022-04-15 08:33:48,29.9697,40.2064,76.57,14,0,11.07
153,Kemijarvi,FI,2022-04-15 08:33:48,66.7131,27.4306,37.11,54,25,8.25
154,Gigmoto,PH,2022-04-15 08:33:49,13.7796,124.39,81.45,77,48,5.21
155,Kiri Buru,IN,2022-04-15 08:33:49,22.0833,85.35,105.8,11,92,10.2
156,Paducah,US,2022-04-15 08:30:16,37.0834,-88.6001,52.02,57,0,3.44
157,Rio Gallegos,AR,2022-04-15 08:33:50,-51.6226,-69.2181,42.85,93,20,1.14
158,Chimbote,PE,2022-04-15 08:33:50,-9.0853,-78.5783,65.01,92,90,5.12
159,Zhangye,CN,2022-04-15 08:33:50,38.9342,100.4517,66.07,18,100,7.18
160,Viedma,AR,2022-04-15 08:33:51,-40.8135,-62.9967,53.76,66,0,14.41
161,Nizwa,OM,2022-04-15 08:33:51,22.9333,57.5333,102.38,10,19,13.76
162,Walvis Bay,NA,2022-04-15 08:33:52,-22.9575,14.5053,59.95,82,0,6.91
163,Rundu,NA,2022-04-15 08:33:52,-17.9333,19.7667,83.75,44,0,3.0
164,Richards Bay,ZA,2022-04-15 08:33:34,-28.783,32.0377,82.2,58,5,2.21
165,Buraydah,SA,2022-04-15 08:30:38,26.326,43.975,86.45,14,8,12.12
166,Georgetown,MY,2022-04-15 08:33:53,5.4112,100.3354,89.53,73,40,8.05
167,Minab,IR,2022-04-15 08:33:53,27.1467,57.0801,100.72,19,3,6.91
168,Porto Novo,BJ,2022-04-15 08:33:53,6.4965,2.6036,80.42,64,100,7.07
169,Deputatskiy,RU,2022-04-15 08:33:54,69.3,139.9,2.8,90,100,1.63
170,Laplace,US,2022-04-15 08:33:54,30.0666,-90.4801,71.98,85,100,3.44
171,Pevek,RU,2022-04-15 08:33:55,69.7008,170.3133,12.76,90,24,4.61
172,Warmbad,NA,2022-04-15 08:33:55,-28.45,18.7333,62.44,35,76,5.91
173,Kirillov,RU,2022-04-15 08:33:55,59.863,38.3813,41.25,70,94,5.08
174,Kodiak,US,2022-04-15 08:33:56,57.79,-152.4072,38.71,70,100,17.27
175,Kvarkeno,RU,2022-04-15 08:33:56,52.0833,59.725,55.72,44,100,12.1
176,Yulara,AU,2022-04-15 08:33:57,-25.2406,130.9889,96.64,14,40,3.44
177,Sao Filipe,CV,2022-04-15 08:33:57,14.8961,-24.4956,70.27,76,3,7.54
178,Belyy Yar,RU,2022-04-15 08:33:57,53.6039,91.3903,62.49,11,0,8.95
179,Pacific Grove,US,2022-04-15 08:33:10,36.6177,-121.9166,55.51,89,100,8.01
180,Paragominas,BR,2022-04-15 08:29:09,-2.9667,-47.4833,71.24,99,90,2.08
181,Riberalta,BO,2022-04-15 08:33:58,-10.9833,-66.1,70.32,98,100,4.63
182,Jiayuguan,CN,2022-04-15 08:34:58,39.8167,98.3,63.59,9,86,14.76
183,Hambantota,LK,2022-04-15 08:34:59,6.1241,81.1185,89.94,79,40,9.22
184,Amapa,BR,2022-04-15 08:34:59,1.0,-52.0,71.91,99,100,2.59
185,Kalangala,UG,2022-04-15 08:34:59,-0.3089,32.225,69.69,85,100,13.53
186,Russell,US,2022-04-15 08:32:52,32.3502,-85.1999,53.2,93,0,0.0
187,Mana,GF,2022-04-15 08:35:00,5.6592,-53.7767,76.35,88,99,8.84
188,Cherskiy,RU,2022-04-15 08:35:00,68.75,161.3,11.41,98,77,5.32
189,Clarence Town,AU,2022-04-15 08:35:01,-32.5833,151.7833,69.85,91,68,2.77
190,Zhucheng,CN,2022-04-15 08:35:01,35.9947,119.3975,55.87,30,100,15.5
191,Ifanadiana,MG,2022-04-15 08:35:01,-21.3,47.6333,81.12,62,86,4.74
192,Hamadan,IR,2022-04-15 08:35:02,34.7992,48.5146,58.08,63,40,4.61
193,Punto Fijo,VE,2022-04-15 08:35:02,11.6956,-70.1996,77.32,84,21,24.96
194,Vuktyl,RU,2022-04-15 08:35:03,63.8567,57.3094,31.6,70,100,10.69
195,Port Moresby,PG,2022-04-15 08:35:03,-9.4431,147.1797,79.72,85,24,8.46
196,Ushtobe,KZ,2022-04-15 08:35:03,45.2514,77.9838,79.02,13,0,15.12
197,Poum,NC,2022-04-15 08:35:04,-20.2333,164.0167,75.33,87,95,10.94
198,Colac,AU,2022-04-15 08:35:04,-38.3333,143.5833,62.83,91,71,4.79
199,Yurimaguas,PE,2022-04-15 08:35:04,-5.9,-76.0833,70.99,99,75,1.03
200,Clyde River,CA,2022-04-15 08:35:05,70.4692,-68.5914,-14.57,76,0,3.44
201,Hami,CN,2022-04-15 08:35:05,42.8,93.45,55.13,24,55,20.85
202,Alekseyevsk,RU,2022-04-15 08:35:06,57.8406,108.3492,39.72,69,100,6.13
203,Traverse City,US,2022-04-15 08:30:27,44.7631,-85.6206,37.47,53,75,13.8
204,Chuy,UY,2022-04-15 08:35:06,-33.6971,-53.4616,59.29,74,90,6.87
205,Dongying,CN,2022-04-15 08:35:06,37.4564,118.4856,60.24,12,100,6.91
206,Ekhabi,RU,2022-04-15 08:35:07,53.5102,142.9671,29.17,80,6,6.42
207,Saint-Philippe,RE,2022-04-15 08:35:07,-21.3585,55.7679,85.21,81,38,14.54
208,Port Macquarie,AU,2022-04-15 08:31:31,-31.4333,152.9167,65.89,71,5,4.38
209,Inhambane,MZ,2022-04-15 08:35:08,-23.865,35.3833,84.18,84,75,0.0
210,Pisco,PE,2022-04-15 08:35:08,-13.7,-76.2167,61.02,88,0,9.22
211,Templin,DE,2022-04-15 08:35:09,53.1186,13.5022,49.17,95,100,9.4
212,Hasaki,JP,2022-04-15 08:35:09,35.7333,140.8333,52.2,89,100,28.03
213,Castro,BR,2022-04-15 08:35:09,-24.7911,-50.0119,52.21,80,95,4.25
214,Vostok,RU,2022-04-15 08:35:10,46.4856,135.8833,34.65,67,13,0.72
215,Port-Gentil,GA,2022-04-15 08:32:45,-0.7193,8.7815,80.37,80,100,5.95
216,Ugoofaaru,MV,2022-04-15 08:35:10,5.6667,73.0,84.92,69,1,5.97
217,Acapulco,MX,2022-04-15 08:31:32,16.8634,-99.8901,75.02,83,40,3.44
218,Leh,IN,2022-04-15 08:35:10,34.1667,77.5833,44.49,36,98,5.28
219,San Juan,AR,2022-04-15 08:35:11,-31.5375,-68.5364,60.35,57,6,4.38
220,Bambous Virieux,MU,2022-04-15 08:35:11,-20.3428,57.7575,83.21,65,40,14.97
221,Havelock,US,2022-04-15 08:35:11,34.8791,-76.9013,64.35,76,75,20.71
222,Payson,US,2022-04-15 08:31:07,40.0444,-111.7321,46.81,60,75,5.99
223,Manggar,ID,2022-04-15 08:35:12,-2.8833,108.2667,84.04,70,89,4.03
224,Muriwai Beach,NZ,2022-04-15 08:35:12,-36.8167,174.45,60.42,83,0,2.21
225,Labuhan,ID,2022-04-15 08:35:13,-6.8844,112.2051,85.6,67,7,6.69
226,Praia,CV,2022-04-15 08:35:13,14.9215,-23.5087,68.54,73,20,13.8
227,Pokhara,NP,2022-04-15 08:35:14,28.2333,83.9833,94.08,11,48,4.38
228,Kafanchan,NG,2022-04-15 08:36:14,9.5833,8.3,82.96,56,93,6.85
229,Senneterre,CA,2022-04-15 08:36:14,48.3835,-77.2328,27.12,94,32,5.77
230,Kemi,FI,2022-04-15 08:36:15,65.8596,24.8228,38.97,52,0,11.5
231,Narsaq,GL,2022-04-15 08:36:15,60.9167,-46.05,30.42,89,100,5.53
232,Puerto Leguizamo,CO,2022-04-15 08:36:16,-0.1934,-74.7819,71.29,98,99,1.99
233,Omboue,GA,2022-04-15 08:36:16,-1.5746,9.2618,83.7,72,100,3.74
234,Ewa Beach,US,2022-04-15 08:36:16,21.3156,-158.0072,75.15,67,0,11.5
235,Constantine,DZ,2022-04-15 08:32:34,36.365,6.6147,54.81,94,75,4.61
236,Roma,US,2022-04-15 08:35:08,43.2128,-75.4557,46.09,85,75,1.01
237,Padang,ID,2022-04-15 08:36:17,-0.9492,100.3543,86.05,68,86,4.99
238,Bethel,US,2022-04-15 08:36:18,41.3712,-73.414,51.94,57,0,0.0
239,Biak,ID,2022-04-15 08:36:18,-0.9131,122.8766,79.84,81,61,1.92
240,Beloha,MG,2022-04-15 08:36:18,-25.1667,45.05,91.49,41,31,6.38
241,San Pedro,PH,2022-04-15 08:36:19,14.35,121.0167,90.32,60,20,10.36
242,Doka,SD,2022-04-15 08:36:19,13.5167,35.7667,103.05,17,36,4.21
243,Remontnoye,RU,2022-04-15 08:36:20,46.5614,43.6501,48.33,90,100,11.43
244,Anadyr,RU,2022-04-15 08:36:20,64.75,177.4833,34.3,80,0,20.13
245,Kirakira,SB,2022-04-15 08:36:20,-10.4544,161.9205,79.93,82,15,4.74
246,Logstor,DK,2022-04-15 08:36:21,56.9624,9.2583,44.87,75,94,14.36
247,Powell River,CA,2022-04-15 08:36:21,49.8496,-124.5361,38.08,63,80,3.8
248,Kenai,US,2022-04-15 08:36:21,60.5544,-151.2583,34.09,85,0,8.05
249,Boende,CD,2022-04-15 08:36:22,-0.2167,20.8667,73.44,91,100,2.15
250,Lompoc,US,2022-04-15 08:36:22,34.6391,-120.4579,51.94,86,75,25.99
251,Katobu,ID,2022-04-15 08:36:22,-4.9408,122.5276,81.14,87,49,4.07
252,Maraba,BR,2022-04-15 08:36:23,-5.3686,-49.1178,77.18,100,40,3.44
253,Alugan,PH,2022-04-15 08:36:23,12.2188,125.4808,81.54,75,79,7.11
254,Abu Samrah,SY,2022-04-15 08:36:23,35.3029,37.1841,67.69,19,43,1.9
255,Thompson,CA,2022-04-15 08:36:24,55.7435,-97.8558,6.96,61,100,16.11
256,Chifeng,CN,2022-04-15 08:36:24,42.2683,118.9636,57.33,13,0,18.95
257,Dunedin,NZ,2022-04-15 08:36:24,-45.8742,170.5036,56.8,82,9,7.0
258,Wajima,JP,2022-04-15 08:36:25,37.4,136.9,48.88,100,75,6.91
259,Husavik,IS,2022-04-15 08:36:25,66.0449,-17.3389,43.63,74,66,13.2
260,Los Andes,CL,2022-04-15 08:36:25,-32.8337,-70.5983,49.01,57,97,1.07
261,Bogorodskoye,RU,2022-04-15 08:36:26,56.55,37.8833,46.11,62,96,2.04
262,Chimoio,MZ,2022-04-15 08:36:26,-19.1164,33.4833,75.06,94,40,4.29
263,Petropavlovsk-Kamchatskiy,RU,2022-04-15 08:32:17,53.0452,158.6483,32.59,47,20,13.42
264,Novochernorechenskiy,RU,2022-04-15 08:36:27,56.2669,91.0828,49.21,54,35,6.4
265,Kiama,AU,2022-04-15 08:36:27,-34.6833,150.8667,68.58,78,88,9.69
266,Sao Paulo De Olivenca,BR,2022-04-15 08:36:27,-3.3783,-68.8725,71.85,100,100,0.89
267,Chapais,CA,2022-04-15 08:32:45,49.7834,-74.8492,29.98,91,23,6.4
268,San Miguel De Cauri,PE,2022-04-15 08:36:28,-10.1,-76.5833,43.81,81,76,2.44
269,Lircay,PE,2022-04-15 08:36:28,-12.9896,-74.7205,46.2,85,75,2.86
270,Provideniya,RU,2022-04-15 08:36:28,64.3833,-173.3,33.21,96,100,17.78
271,Coihaique,CL,2022-04-15 08:33:01,-45.5752,-72.0662,48.81,100,0,3.44
272,Belmonte,BR,2022-04-15 08:36:29,-15.8631,-38.8828,78.6,88,72,9.35
273,Fairlie,GB,2022-04-15 08:36:29,55.756,-4.8556,53.51,86,100,6.55
274,Komsomolskiy,UZ,2022-04-15 08:36:30,40.4272,71.7189,79.52,25,0,6.91
275,Trujillo,PE,2022-04-15 08:34:39,-8.116,-79.03,62.56,94,100,8.05
276,Palmer,US,2022-04-15 08:37:30,42.1584,-72.3287,51.35,72,0,0.0
277,Krasnoselkup,RU,2022-04-15 08:37:31,65.7,82.4667,35.58,100,100,12.64
278,Bara,NG,2022-04-15 08:37:31,10.3744,10.7288,74.98,44,100,10.18
279,Port Hedland,AU,2022-04-15 08:37:31,-20.3167,118.5667,93.25,55,6,10.36
280,Ulaanbaatar,MN,2022-04-15 08:36:47,47.9077,106.8832,48.33,21,0,13.42
281,Pangnirtung,CA,2022-04-15 08:37:32,66.1451,-65.7125,-6.29,87,19,4.61
282,Carbonia,IT,2022-04-15 08:37:32,39.1672,8.5222,65.35,31,99,5.08
283,Sedalia,US,2022-04-15 08:37:15,38.7045,-93.2283,48.85,46,0,9.22
284,Namibe,AO,2022-04-15 08:37:33,-15.1961,12.1522,70.43,83,20,0.0
285,Ginda,IN,2022-04-15 08:37:33,30.6945,78.4932,77.76,15,78,4.79
286,Camacha,PT,2022-04-15 08:37:33,33.0833,-16.3333,58.42,77,75,10.36
287,Launceston,AU,2022-04-15 08:37:34,-41.45,147.1667,59.14,90,100,6.91
288,Parintins,BR,2022-04-15 08:37:34,-2.6283,-56.7358,72.23,99,100,2.33
289,Opuwo,NA,2022-04-15 08:37:34,-18.0607,13.84,79.25,35,0,4.23
290,Zarumilla,PE,2022-04-15 08:37:35,-3.5031,-80.2731,71.33,95,86,2.01
291,Bredy,RU,2022-04-15 08:37:35,52.4153,60.3411,55.18,44,100,11.97
292,Miyako,JP,2022-04-15 08:37:36,39.6367,141.9525,37.92,96,100,8.1
293,Faanui,PF,2022-04-15 08:37:36,-16.4833,-151.75,81.79,72,7,16.91
294,Mahanoro,MG,2022-04-15 08:37:36,-19.9,48.8,82.29,68,7,7.14
295,Vanimo,PG,2022-04-15 08:37:37,-2.6741,141.3028,80.44,84,34,4.07
296,Touros,BR,2022-04-15 08:37:37,-5.1989,-35.4608,78.06,84,90,3.83
297,Katsuura,JP,2022-04-15 08:37:37,35.1333,140.3,53.35,91,100,26.31
298,Chimbarongo,CL,2022-04-15 08:34:18,-34.7,-71.05,50.88,87,4,1.57
299,Maldonado,UY,2022-04-15 08:37:38,-34.6667,-54.9167,51.22,79,55,0.76
300,Vardo,NO,2022-04-15 08:37:38,70.3705,31.1107,33.84,70,73,12.39
301,Wagar,SD,2022-04-15 08:37:39,16.1525,36.2032,101.53,19,21,7.85
302,Safaga,EG,2022-04-15 08:37:39,26.7292,33.9365,79.03,36,0,14.97
303,Praia Da Vitoria,PT,2022-04-15 08:32:51,38.7333,-27.0667,60.76,94,40,12.84
304,Sola,VU,2022-04-15 08:37:40,-13.8833,167.55,82.0,72,94,4.76
305,Jacareacanga,BR,2022-04-15 08:37:40,-6.2222,-57.7528,71.82,99,100,0.45
306,Grand Gaube,MU,2022-04-15 08:37:40,-20.0064,57.6608,83.37,70,3,14.0
307,Mount Gambier,AU,2022-04-15 08:37:41,-37.8333,140.7667,64.31,94,100,6.91
308,Tezu,IN,2022-04-15 08:34:27,27.9167,96.1667,89.06,46,42,1.77
309,Kuching,MY,2022-04-15 08:37:41,1.55,110.3333,88.02,70,40,7.0
310,Aklavik,CA,2022-04-15 08:37:41,68.2191,-135.0107,-11.07,99,99,5.23
311,Myitkyina,MM,2022-04-15 08:37:42,25.3833,97.4,90.21,44,70,4.47
312,Kloulklubed,PW,2022-04-15 08:37:42,7.0419,134.2556,82.9,78,100,9.55
313,Moerai,PF,2022-04-15 08:37:43,-22.4333,-151.3333,80.06,76,65,13.24
314,Luganville,VU,2022-04-15 08:37:43,-15.5333,167.1667,80.35,81,67,3.67
315,Pendleton,US,2022-04-15 08:37:44,45.6721,-118.7886,37.63,87,100,3.0
316,Araouane,ML,2022-04-15 08:37:44,18.9048,-3.5265,85.98,13,2,11.72
317,Taree,AU,2022-04-15 08:37:44,-31.9,152.4667,66.13,72,40,0.0
318,Rincon,US,2022-04-15 08:37:45,32.296,-81.2354,67.86,94,20,3.44
319,College,US,2022-04-15 08:34:05,64.8569,-147.8028,32.32,55,20,9.22
320,Bonthe,SL,2022-04-15 08:37:45,7.5264,-12.505,80.64,76,90,5.53
321,Warri,NG,2022-04-15 08:37:46,5.5167,5.75,85.03,72,95,2.01
322,Geraldton,AU,2022-04-15 08:37:46,-28.7667,114.6,81.01,54,0,13.8
323,Muli,MV,2022-04-15 08:38:46,2.9167,73.5667,84.79,67,38,3.87
324,Palmital,BR,2022-04-15 08:38:47,-22.7889,-50.2175,57.83,94,27,7.81
325,Iskateley,RU,2022-04-15 08:38:47,67.6803,53.1512,27.41,80,78,14.09
326,General Roca,AR,2022-04-15 08:35:40,-39.0333,-67.5833,53.62,39,0,11.36
327,Galle,LK,2022-04-15 08:38:48,6.0367,80.217,85.55,68,74,8.81
328,Hilo,US,2022-04-15 08:36:22,19.7297,-155.09,74.93,82,100,8.05
329,Coquimbo,CL,2022-04-15 08:34:10,-29.9533,-71.3436,56.93,82,100,3.44
330,Tilichiki,RU,2022-04-15 08:38:48,60.4667,166.1,17.1,95,94,4.34
331,Smithers,CA,2022-04-15 08:34:04,54.7804,-127.1743,26.92,46,75,3.44
332,Acari,PE,2022-04-15 08:38:49,-15.4311,-74.6158,66.13,84,59,3.8
333,Pasni,PK,2022-04-15 08:38:49,25.2631,63.471,83.57,67,38,17.02
334,Say,NE,2022-04-15 08:38:50,13.1007,2.3689,91.96,36,75,12.75
335,Voh,NC,2022-04-15 08:38:50,-20.9667,164.7,71.98,94,100,3.06
336,Upernavik,GL,2022-04-15 08:38:50,72.7868,-56.1549,-18.74,98,33,6.85
337,Meulaboh,ID,2022-04-15 08:38:51,4.1363,96.1285,85.84,67,48,7.47
338,Zhigansk,RU,2022-04-15 08:38:51,66.7697,123.3711,22.06,86,61,19.19
339,Kavaratti,IN,2022-04-15 08:38:52,10.5669,72.642,83.44,70,65,3.15
340,Tsuyama,JP,2022-04-15 08:38:52,35.05,134.0,56.23,93,100,5.28
341,Kahului,US,2022-04-15 08:38:26,20.8947,-156.47,73.85,75,0,13.8
342,Egvekinot,RU,2022-04-15 08:35:16,66.3167,-179.1667,18.66,88,88,13.73
343,Brusque,BR,2022-04-15 08:38:53,-27.0981,-48.9175,60.06,88,0,3.42
344,Ahipara,NZ,2022-04-15 08:38:53,-35.1667,173.1667,57.54,82,8,5.03
345,Candelaria,PH,2022-04-15 08:38:53,13.9311,121.4233,85.39,76,40,3.56
346,Sitka,US,2022-04-15 08:38:54,57.0531,-135.33,33.69,60,0,3.44
347,Usinsk,RU,2022-04-15 08:38:54,65.9939,57.5281,29.25,78,100,15.23
348,Kirchlinteln,DE,2022-04-15 08:38:55,52.95,9.3167,47.89,84,100,8.9
349,Havre-Saint-Pierre,CA,2022-04-15 08:38:55,50.2334,-63.5986,32.0,93,100,9.22
350,Yermekeyevo,RU,2022-04-15 08:38:55,54.0761,53.6712,41.9,96,100,18.43
351,Rocha,UY,2022-04-15 08:37:26,-34.4833,-54.3333,57.42,73,98,3.49
352,Dhanwar,IN,2022-04-15 08:35:07,24.4167,85.9833,106.21,7,18,16.87
353,Curup,ID,2022-04-15 08:38:56,-3.4667,102.5333,73.94,89,100,2.44
354,Malyye Derbety,RU,2022-04-15 08:38:56,47.9547,44.6808,52.7,70,100,11.48
355,Fort Saint James,CA,2022-04-15 08:38:57,54.4333,-124.25,19.51,84,100,4.14
356,Kyabram,AU,2022-04-15 08:38:57,-36.3167,145.05,71.87,45,100,5.77
357,Bongandanga,CD,2022-04-15 08:38:57,1.5,21.05,79.5,67,100,3.33
358,Nampula,MZ,2022-04-15 08:38:58,-15.1165,39.2666,85.95,58,40,9.22
359,Smidovich,RU,2022-04-15 08:38:58,48.6,133.8167,45.91,42,29,11.68
360,Samarai,PG,2022-04-15 08:38:59,-10.6167,150.6667,82.71,77,95,12.17
361,Tazovskiy,RU,2022-04-15 08:38:59,67.4667,78.7,32.2,87,70,16.91
362,Teahupoo,PF,2022-04-15 08:38:59,-17.8333,-149.2667,73.36,71,76,18.03
363,Kalabo,ZM,2022-04-15 08:39:00,-14.97,22.6814,81.41,48,49,6.69
364,Hisor,TJ,2022-04-15 08:39:00,38.525,68.5512,82.15,24,2,0.36
365,Sur,OM,2022-04-15 08:39:01,22.5667,59.5289,96.91,28,2,7.09
366,Tuburan,PH,2022-04-15 08:39:01,6.6439,122.2736,84.29,73,59,6.58
367,Kaitangata,NZ,2022-04-15 08:39:02,-46.2817,169.8464,52.12,70,10,5.01
368,Asau,RO,2022-04-15 08:39:02,46.4333,26.4,60.28,35,28,3.42
369,Adelaide,AU,2022-04-15 08:39:02,-34.9333,138.6,73.29,69,0,9.22
370,Fallon,US,2022-04-15 08:36:54,39.4735,-118.7774,46.27,50,20,0.0
371,Black River,JM,2022-04-15 08:40:03,18.0264,-77.8487,73.06,88,2,4.72
372,Blackwater,AU,2022-04-15 08:40:03,-23.5833,148.8833,74.19,35,0,9.42
373,Vila Velha,BR,2022-04-15 08:39:00,-20.3297,-40.2925,73.35,87,100,17.0
374,Itarema,BR,2022-04-15 08:40:04,-2.9248,-39.9167,75.6,90,41,4.81
375,Mahajanga,MG,2022-04-15 08:40:04,-15.7167,46.3167,93.22,46,20,13.8
376,Te Anau,NZ,2022-04-15 08:40:04,-45.4167,167.7167,53.2,84,67,7.23
377,Ormara,PK,2022-04-15 08:40:05,25.2088,64.6357,83.14,68,3,18.43
378,Domoni,KM,2022-04-15 08:40:05,-12.2569,44.5319,86.05,70,20,9.93
379,San Cristobal,VE,2022-04-15 08:40:06,7.7669,-72.225,67.14,78,87,1.54
380,Puerto Escondido,MX,2022-04-15 08:39:05,15.85,-97.0667,78.85,77,71,3.56
381,Ahuimanu,US,2022-04-15 08:40:06,21.4447,-157.8378,74.91,74,40,11.5
382,Bergen,NO,2022-04-15 08:40:06,60.392,5.328,52.14,70,75,9.22
383,La Romana,DO,2022-04-15 08:40:07,18.4273,-68.9728,71.82,89,26,8.23
384,Monrovia,LR,2022-04-15 08:40:07,6.3005,-10.7969,81.28,81,98,6.89
385,Codrington,AU,2022-04-15 08:40:07,-38.2667,141.9667,60.48,97,100,5.39
386,Humaita,BR,2022-04-15 08:40:08,-7.5061,-63.0208,72.95,100,100,1.34
387,Zheleznodorozhnyy,RU,2022-04-15 08:40:08,55.7503,38.0042,51.35,48,85,3.18
388,Mareeba,AU,2022-04-15 08:40:09,-17.0,145.4333,73.44,80,87,3.6
389,Oranjestad,AW,2022-04-15 08:40:09,12.524,-70.027,78.13,85,6,25.41
390,Kyra,RU,2022-04-15 08:40:09,49.5776,111.9753,48.65,27,32,22.46
391,Griffith,US,2022-04-15 08:40:10,41.5284,-87.4237,43.05,50,75,5.75
392,Beyneu,KZ,2022-04-15 08:40:10,45.3167,55.2,65.62,25,55,8.93
393,Suicheng,CN,2022-04-15 08:40:11,33.8963,117.9331,62.26,42,98,10.47
394,Iralaya,HN,2022-04-15 08:40:11,15.0,-83.2333,78.33,79,100,9.78
395,Carauari,BR,2022-04-15 08:40:12,-4.8828,-66.8958,71.2,100,100,1.79
396,Fraga,ES,2022-04-15 08:40:12,41.5229,0.3489,59.58,64,100,6.49
397,Maceio,BR,2022-04-15 08:40:12,-9.6658,-35.7353,74.64,88,20,1.14
398,Hailar,CN,2022-04-15 08:40:13,49.2,119.7,51.53,28,99,20.94
399,Seyssinet-Pariset,FR,2022-04-15 08:40:13,45.1768,5.6939,69.96,81,29,1.01
400,Fortuna,US,2022-04-15 08:40:14,40.5982,-124.1573,37.65,94,0,6.91
401,Clinton,US,2022-04-15 08:40:14,42.587,-82.9199,47.95,54,17,10.0
402,Edd,ER,2022-04-15 08:40:15,13.9297,41.6925,97.84,25,8,13.47
403,Kyzyl-Suu,KG,2022-04-15 08:40:15,42.3414,78.0056,53.51,57,5,5.59
404,Vilyuysk,RU,2022-04-15 08:40:15,63.7553,121.6247,31.78,87,100,10.02
405,Aksu,CN,2022-04-15 08:40:16,41.1231,80.2644,74.7,14,59,2.35
406,Ongwediva,NA,2022-04-15 08:40:16,-17.7833,15.7667,78.26,46,0,3.74
407,Sioux Lookout,CA,2022-04-15 08:40:17,50.1001,-91.917,17.67,93,100,9.22
408,Tanete,ID,2022-04-15 08:40:17,-3.9443,119.7848,81.75,81,100,4.18
409,Vanavara,RU,2022-04-15 08:40:17,60.34,102.2797,37.53,89,100,2.62
410,Yamada,JP,2022-04-15 08:40:18,39.4667,141.95,38.59,93,100,9.19
411,Kachug,RU,2022-04-15 08:40:18,53.9606,105.8817,46.18,55,83,9.24
412,Laguna,US,2022-04-15 08:40:18,38.421,-121.4238,55.69,91,100,8.05
413,Boyolangu,ID,2022-04-15 08:40:19,-8.1181,111.8935,82.4,79,64,6.67
414,Ketchikan,US,2022-04-15 08:40:19,55.3422,-131.6461,37.38,80,0,4.61
415,Kailua,US,2022-04-15 08:40:20,21.4022,-157.7394,75.18,77,25,7.0
416,Nara,JP,2022-04-15 08:41:20,34.6851,135.8049,60.17,86,100,6.08
417,Ibra,OM,2022-04-15 08:41:20,22.6906,58.5334,103.55,9,21,8.57
418,Kavieng,PG,2022-04-15 08:41:21,-2.5744,150.7967,82.81,77,48,9.4
419,Harper,LR,2022-04-15 08:41:21,4.375,-7.7169,81.72,79,100,4.74
420,Vigrestad,NO,2022-04-15 08:41:22,58.5667,5.7,51.96,82,100,7.43
421,Atherton,GB,2022-04-15 08:41:22,53.5237,-2.4935,58.78,80,100,4.0
422,Dukat,RU,2022-04-15 08:41:22,62.55,155.55,5.59,97,100,3.58
423,Ngunguru,NZ,2022-04-15 08:41:23,-35.6167,174.5,59.77,65,0,4.72
424,Fort Frances,CA,2022-04-15 08:41:23,48.5999,-93.4003,18.16,77,100,11.5
425,Irbeyskoye,RU,2022-04-15 08:41:24,55.6428,95.4522,55.63,31,65,10.54
426,Trincomalee,LK,2022-04-15 08:41:24,8.5711,81.2335,84.74,74,95,16.06
427,Jumla,NP,2022-04-15 08:39:04,29.2747,82.1838,68.83,20,76,9.22
428,Manica,FR,2022-04-15 08:41:24,49.0,-1.1667,62.31,68,99,1.88
429,Sangueya,GN,2022-04-15 08:41:25,10.7,-14.3667,80.71,58,38,1.28
430,Manzhouli,CN,2022-04-15 08:41:25,49.6,117.4333,51.98,29,77,23.71
431,Yatou,CN,2022-04-15 08:41:26,37.15,122.3833,52.07,40,77,15.88
432,Novoagansk,RU,2022-04-15 08:41:26,61.9449,76.6625,43.21,96,99,6.46
433,Matelica,IT,2022-04-15 08:41:26,43.2541,13.0106,63.84,60,99,4.54
434,Magalia,US,2022-04-15 08:41:27,39.8121,-121.5783,47.75,92,100,1.99
435,Killybegs,IE,2022-04-15 08:41:27,54.6333,-8.45,53.31,91,96,10.42
436,Oktyabrskiy,RU,2022-04-15 08:41:27,54.4815,53.471,41.97,96,100,15.46
437,Saint-Ambroise,CA,2022-04-15 08:41:28,48.5501,-71.3324,37.94,93,83,1.14
438,Faya,SA,2022-04-15 08:41:28,18.3851,42.4509,79.32,22,8,6.2
439,Korla,CN,2022-04-15 08:39:13,41.7597,86.1469,69.78,9,15,12.5
440,Jensen Beach,US,2022-04-15 08:41:29,27.2545,-80.2298,76.01,93,0,0.0
441,Chaozhou,CN,2022-04-15 08:41:29,23.6651,116.6379,80.46,62,80,10.13
442,Porangatu,BR,2022-04-15 08:41:29,-13.4408,-49.1486,70.27,94,97,0.58
443,Maniitsoq,GL,2022-04-15 08:41:30,65.4167,-52.9,8.71,64,2,5.84
444,Deniliquin,AU,2022-04-15 08:41:30,-35.5333,144.9667,68.49,42,100,4.94
445,Mangai,CD,2022-04-15 08:41:30,-4.05,19.5333,73.47,93,100,3.27
446,Barcelos,PT,2022-04-15 08:41:31,41.5388,-8.6151,63.91,60,0,0.65
447,Salalah,OM,2022-04-15 08:41:31,17.0151,54.0924,87.89,66,20,6.91
448,Gisborne,NZ,2022-04-15 08:40:33,-38.6533,178.0042,53.04,85,1,4.92
449,Shubarshi,KZ,2022-04-15 08:41:32,48.5872,57.1869,60.01,33,29,10.29
450,New Glasgow,CA,2022-04-15 08:38:41,45.5834,-62.6486,40.78,94,100,9.08
451,Urucara,BR,2022-04-15 08:41:32,-2.5364,-57.76,73.15,99,100,0.89
452,Namanyere,TZ,2022-04-15 08:41:33,-7.5167,31.05,71.24,73,100,4.97
453,San Patricio,US,2022-04-15 08:41:33,28.017,-97.5169,73.35,92,87,6.2
454,Nalut,LY,2022-04-15 08:41:34,30.3333,10.85,71.31,23,0,13.65
455,Saint Anthony,US,2022-04-15 08:41:34,45.0205,-93.218,28.26,74,100,25.32
456,La Ronge,CA,2022-04-15 08:41:34,55.1001,-105.2842,17.82,49,100,9.22
457,Tucurui,BR,2022-04-15 08:41:35,-3.7661,-49.6725,72.45,98,79,2.19
458,Half Moon Bay,US,2022-04-15 08:41:35,37.4636,-122.4286,57.0,91,75,10.36
459,Isangel,VU,2022-04-15 08:41:35,-19.55,169.2667,80.38,83,54,9.15
460,Ulladulla,AU,2022-04-15 08:42:36,-35.35,150.4667,65.3,76,100,4.83
461,Xingyi,CN,2022-04-15 08:42:36,24.1877,102.817,79.16,32,80,16.89
462,Mandalgovi,MN,2022-04-15 08:42:37,45.7625,106.2708,37.89,30,100,7.58
463,Caucaia,BR,2022-04-15 08:42:08,-3.7361,-38.6531,78.75,83,20,3.44
464,Boa Vista,BR,2022-04-15 08:42:37,2.8197,-60.6733,78.78,73,75,9.22
465,Ostrovnoy,RU,2022-04-15 08:42:37,68.0531,39.5131,28.35,88,49,11.27
466,Nanakuli,US,2022-04-15 08:42:38,21.3906,-158.1547,75.15,62,0,6.91
467,Sturgeon Falls,CA,2022-04-15 08:42:38,46.3646,-79.9326,35.1,71,44,12.73
468,Mitu,CO,2022-04-15 08:40:00,1.1983,-70.1733,71.33,98,100,2.44
469,Muyezerskiy,RU,2022-04-15 08:42:39,63.9333,31.65,32.14,91,100,13.13
470,Chama,CH,2022-04-15 08:42:39,47.1821,8.4636,61.95,80,75,0.0
471,Mazatlan,MX,2022-04-15 08:40:14,23.2167,-106.4167,70.25,73,100,4.52
472,Saint-Pierre,RE,2022-04-15 08:42:39,-21.3393,55.4781,85.28,69,0,27.63
473,Aykhal,RU,2022-04-15 08:42:40,66.0,111.5,13.78,82,100,13.6
474,Gazojak,TM,2022-04-15 08:42:40,41.1875,61.4036,88.92,15,97,7.2
475,Xuddur,SO,2022-04-15 08:42:40,4.1213,43.8894,92.28,37,100,8.46
476,Guarapari,BR,2022-04-15 08:42:41,-20.6667,-40.4975,72.9,94,98,15.23
477,Ozernovskiy,RU,2022-04-15 08:42:41,51.5,156.5167,31.19,82,99,12.1
478,Oum Hadjer,TD,2022-04-15 08:42:42,13.2954,19.6966,98.2,11,82,7.63
479,Tuatapere,NZ,2022-04-15 08:42:42,-46.1333,167.6833,54.41,81,94,6.49
480,Loreto,MX,2022-04-15 08:42:43,22.2667,-101.9667,60.03,58,98,4.56
481,Diu,IN,2022-04-15 08:42:43,20.7141,70.9822,91.98,48,0,17.98
482,Shakawe,BW,2022-04-15 08:42:43,-18.3667,21.85,84.72,41,2,6.22
483,Broome,US,2022-04-15 08:42:44,42.2506,-75.833,42.01,75,75,4.61
484,Chumikan,RU,2022-04-15 08:42:44,54.7183,135.315,33.66,83,83,3.47
485,Louis Trichardt,ZA,2022-04-15 08:42:44,-23.0439,29.9032,86.77,31,70,3.67
486,Hobyo,SO,2022-04-15 08:42:45,5.3505,48.5268,87.17,56,86,11.52
487,Salinopolis,BR,2022-04-15 08:42:45,-0.6136,-47.3561,78.35,86,100,10.51
488,Nantucket,US,2022-04-15 08:42:46,41.2835,-70.0995,48.34,89,100,12.66
489,Camopi,GF,2022-04-15 08:42:46,3.1655,-52.3158,70.63,99,100,1.34
490,Luka Nad Jihlavou,CZ,2022-04-15 08:42:46,49.374,15.7019,59.05,73,40,13.38
491,Chikwawa,MW,2022-04-15 08:42:47,-16.0335,34.8009,88.47,55,3,1.23
492,Brae,GB,2022-04-15 08:42:47,60.3964,-1.353,47.07,77,99,11.74
493,Cabatuan,PH,2022-04-15 08:42:48,10.8794,122.486,81.7,79,100,0.49
494,Lorengau,PG,2022-04-15 08:42:48,-2.0226,147.2712,82.22,78,97,6.96
495,Lavrentiya,RU,2022-04-15 08:42:48,65.5833,-171.0,26.55,94,93,12.24
496,Guaxupe,BR,2022-04-15 08:42:49,-21.3053,-46.7128,61.66,93,84,1.68
497,North Myrtle Beach,US,2022-04-15 08:42:49,33.816,-78.68,66.25,74,100,16.89
498,Roanoke Rapids,US,2022-04-15 08:42:50,36.4615,-77.6542,55.35,87,75,0.0
499,Santa Cruz,BO,2022-04-15 08:42:50,-17.8,-63.1667,65.66,72,75,12.66
500,Xinxiang,CN,2022-04-15 08:42:50,35.3089,113.8672,62.2,29,100,10.45
501,Grimshaw,CA,2022-04-15 08:41:57,56.1834,-117.6027,24.15,58,100,10.36
502,Jaguariaiva,BR,2022-04-15 08:42:51,-24.2511,-49.7058,51.69,86,52,4.7
503,Gold Coast,AU,2022-04-15 08:42:51,-28.0,153.4333,70.0,91,100,9.22
504,Ucluelet,CA,2022-04-15 08:42:52,48.9329,-125.5528,34.09,87,39,5.23
505,Huarmey,PE,2022-04-15 08:42:52,-10.0681,-78.1522,65.95,90,31,8.23
506,Northam,GB,2022-04-15 08:42:52,51.0333,-4.2167,56.61,82,54,9.55
507,Cayenne,GF,2022-04-15 08:43:53,4.9333,-52.3333,80.1,1,40,5.01
508,Santa Ana,US,2022-04-15 08:41:14,33.7456,-117.8678,57.11,84,0,3.44
509,Jiangyou,CN,2022-04-15 08:43:53,31.7667,104.7167,51.57,91,100,5.44
510,Napier,NZ,2022-04-15 08:43:54,-39.4833,176.9167,58.28,75,5,3.0
511,Port Augusta,AU,2022-04-15 08:43:54,-32.5,137.7667,73.29,41,1,9.91
512,Daru,PG,2022-04-15 08:43:55,-9.0763,143.2092,81.61,82,100,8.66
513,Alice Springs,AU,2022-04-15 08:43:55,-23.7,133.8833,90.95,19,13,9.22
514,Beringovskiy,RU,2022-04-15 08:43:55,63.05,179.3167,32.14,99,100,17.43
515,Tucuman,AR,2022-04-15 08:43:56,-26.8241,-65.2226,60.8,94,100,3.44
516,Nouadhibou,MR,2022-04-15 08:43:56,20.931,-17.0347,62.58,82,0,18.41
517,Kokopo,PG,2022-04-15 08:43:57,-4.352,152.2633,79.92,80,57,3.51
518,Comodoro Rivadavia,AR,2022-04-15 08:43:57,-45.8667,-67.5,58.86,55,0,14.97
519,Adre,TD,2022-04-15 08:43:57,13.4667,22.2,95.63,4,5,17.54
520,Sheltozero,RU,2022-04-15 08:43:58,61.3667,35.3667,33.89,99,100,7.72
521,Guerrero Negro,MX,2022-04-15 08:43:58,27.9769,-114.0611,58.6,79,90,13.85
522,Key West,US,2022-04-15 08:39:09,24.5557,-81.7826,80.6,84,40,4.61
523,Sibu,MY,2022-04-15 08:43:59,2.3,111.8167,77.31,94,40,4.61
524,Miraflores,MX,2022-04-15 08:43:59,19.2167,-98.8083,66.02,65,95,3.38
525,Manga,BF,2022-04-15 08:43:59,11.6636,-1.0731,90.25,40,73,14.83
526,Katyr-Yurt,RU,2022-04-15 08:44:00,43.1701,45.3711,58.15,45,40,5.35
527,Saint-Georges,GD,2022-04-15 08:44:00,12.0564,-61.7485,76.68,94,20,9.22
528,Tessalit,ML,2022-04-15 08:44:01,20.1986,1.0114,82.45,14,0,13.87
529,Erzin,TR,2022-04-15 08:44:01,36.9559,36.2,68.0,36,86,4.32
530,Phayao,TH,2022-04-15 08:44:01,19.25,100.25,100.51,16,57,4.47
531,Kautokeino,NO,2022-04-15 08:44:02,69.0125,23.0412,26.38,79,44,3.83
532,Seymchan,RU,2022-04-15 08:44:02,62.8833,152.4333,13.53,91,100,5.32
533,Tura,IN,2022-04-15 08:42:07,25.5198,90.2201,90.14,49,26,7.43
534,Never,FR,2022-04-15 08:44:03,46.9896,3.159,64.11,59,0,8.05
535,Teyateyaneng,LS,2022-04-15 08:44:03,-29.1472,27.7489,67.28,37,14,8.9
536,Eureka,US,2022-04-15 08:43:16,40.8021,-124.1637,37.92,82,52,1.01
537,Srednekolymsk,RU,2022-04-15 08:44:04,67.45,153.6833,16.34,96,100,5.66
538,Bundaberg,AU,2022-04-15 08:44:04,-24.85,152.35,71.89,75,10,11.5
539,Luanda,AO,2022-04-15 08:41:28,-8.8368,13.2343,80.6,83,75,3.44
540,Agadez,NE,2022-04-15 08:44:04,19.75,10.25,97.43,13,4,11.12
541,Anstruther,GB,2022-04-15 08:44:05,56.2231,-2.7023,52.86,87,100,3.44
542,Inta,RU,2022-04-15 08:44:05,66.0317,60.1659,29.68,86,100,13.94
543,Tingo Maria,PE,2022-04-15 08:44:06,-9.2895,-76.0088,67.15,98,75,1.45
544,Mount Isa,AU,2022-04-15 08:44:06,-20.7333,139.5,91.17,19,12,8.05
545,Batagay-Alyta,RU,2022-04-15 08:44:07,67.8006,130.4114,15.69,91,66,4.09
546,Lata,PT,2022-04-15 08:44:07,40.1629,-8.3327,54.81,56,0,2.39
547,Guaruja,BR,2022-04-15 08:44:07,-23.9931,-46.2564,68.9,26,100,12.71
548,Novyy Buyan,RU,2022-04-15 08:44:08,53.6861,50.0469,39.36,93,100,13.89
549,Hedaru,TZ,2022-04-15 08:44:08,-4.5,37.9,83.95,53,97,6.31
550,Kathmandu,NP,2022-04-15 08:43:50,27.7167,85.3167,86.22,16,20,11.5
551,Baykit,RU,2022-04-15 08:45:09,61.67,96.37,40.66,94,100,1.68
552,Nishihara,JP,2022-04-15 08:45:09,26.1842,127.7558,71.65,97,100,21.85
553,Najran,SA,2022-04-15 08:45:10,17.4924,44.1277,93.85,10,0,7.56
554,Vaitape,PF,2022-04-15 08:45:10,-16.5167,-151.75,81.82,72,10,16.91
555,Awjilah,LY,2022-04-15 08:45:10,29.1081,21.2869,81.5,15,100,28.63
556,Yuanping,CN,2022-04-15 08:45:11,38.7153,112.7575,60.49,12,61,2.62
557,Rio Grande,BR,2022-04-15 08:45:11,-32.035,-52.0986,52.95,72,98,10.45
558,Makinsk,KZ,2022-04-15 08:45:12,52.6292,70.4169,69.8,20,8,10.45
559,Agucadoura,PT,2022-04-15 08:45:12,41.4318,-8.7804,64.31,68,0,1.52
560,Muravlenko,RU,2022-04-15 08:45:12,63.7898,74.523,34.79,100,100,7.38
561,Yaring,TH,2022-04-15 08:45:13,6.8662,101.3689,87.3,70,100,6.87
